family,model_a,model_b,n_catchments,n_tested,a_better,b_better,not_significant,insufficient_replicates,median_catchment_delta_nse
pub,PUB-0,PUB-1,531,531,32,113,386,0,-0.020749450341734532
pub,PUB-1,PUB-2,531,531,29,85,417,0,-0.008598735304964022
pub,PUB-0,PUB-A,531,531,28,129,374,0,-0.031363947654475755
pub,PUB-1,PUB-A,531,531,48,87,396,0,-0.011226026338458095
pub,PUB-2,PUB-A,531,531,55,59,417,0,-0.0020413645611697673
global,GLOBAL-0,GLOBAL-1,531,531,0,161,370,0,-0.0443813143798274
global,GLOBAL-1,GLOBAL-2,531,531,1,87,443,0,-0.014993089751503985
global,GLOBAL-2,GLOBAL-4,531,531,4,16,511,0,-0.0027187306475391915
global,GLOBAL-4,GLOBAL-26,531,531,7,19,505,0,-0.0014366324240252526
global,GLOBAL-0,GLOBAL-A,531,531,0,220,311,0,-0.07743428045752054
global,GLOBAL-1,GLOBAL-A,531,531,2,104,425,0,-0.025869223018739895
global,GLOBAL-2,GLOBAL-A,531,531,8,41,482,0,-0.007920259065575419
global,GLOBAL-4,GLOBAL-A,531,531,11,29,491,0,-0.0053147505592628375
